word,number
call,365
free,227
now,203
txt,172
ur,144
mobile,129
text,126
stop,126
claim,113
reply,104
www,98
prize,93
get,86
just,78
cash,76
won,76
uk,74
win,72
nokia,71
send,70
new,69
urgent,63
week,60
com,59
tone,58
box,57
msg,56
contact,56
please,55
co,54
service,53
guaranteed,50
min,50
customer,49
ppm,49
per,46
phone,46
chat,45
will,44
pobox,42
cs,41
mins,40
draw,39
awarded,38
latest,36
camera,35
sms,35
line,35
receive,33
message,33
go,33
find,33
every,33
ringtone,32
holiday,32
video,32
wk,32
po,32
st,31
cost,31
pm,31
shows,31
landline,31
code,30
want,30
can,30
number,30
live,29
award,29
tones,29
entry,28
valid,27
day,27
orange,27
chance,27
offer,26
help,26
collection,26
apply,25
word,25
network,25
selected,25
mob,25
hrs,25
know,25
age,25
rate,24
weekly,24
back,23
collect,23
optout,23
national,22
attempt,22
update,21
http,21
yes,21
bonus,21
today,21
vouchers,21
gift,21
music,21
club,21
nd,21
sae,21
poly,20
colour,19
hl,19
special,19
account,19
see,19
games,19
texts,19
await,19
time,19
info,18
delivery,18
play,18
private,18
unsubscribe,18
mths,18
price,18
land,18
calls,18
pounds,17
tried,17
waiting,17
todays,17
bt,17
services,17
name,17
suite,17
double,17
dating,17
opt,17
final,16
next,16
statement,16
points,16
identifier,16
top,16
real,16
join,16
yr,16
ltd,16
gbp,16
row,16
mobileupd,16
xx,16
dear,16
voucher,16
hi,16
tell,16
auction,16
winner,15
days,15
net,15
thanks,15
re,15
camcorder,15
end,15
trying,15
operator,15
quiz,15
sexy,15
hot,15
lands,15
xmas,15
expires,15
wkly,14
freemsg,14
wq,14
order,14
content,14
someone,14
congratulations,14
take,14
savamob,14
like,13
mobiles,13
last,13
make,13
easy,13
messages,13
half,13
sk,13
worth,13
mates,13
ve,13
pic,13
xxx,12
dont,12
ac,12
complimentary,12
caller,12
player,12
reveal,12
anytime,12
phones,12
rental,12
ipod,12
offers,12
un,12
redeemed,12
important,12
good,12
pics,12
std,11
valued,11
reward,11
wap,11
eg,11
charged,11
dogging,11
pls,11
friend,11
hmv,11
txts,11
hg,11
motorola,11
max,11
ts,11
sex,11
don,11
great,11
comp,10
news,10
tomorrow,10
congrats,10
representative,10
speak,10
sent,10
direct,10
txting,10
tc,10
date,10
secret,10
admirer,10
thinks,10
unlimited,10
choose,10
charge,10
custcare,10
currently,10
love,10
ldn,10
wc,10
welcome,10
getzed,10
either,10
need,10
ntt,10
enjoy,10
wanna,10
part,10
enter,10
ringtones,10
fun,9
use,9
credit,9
england,9
bx,9
specially,9
numbers,9
rates,9
msgs,9
tv,9
looking,9
ldew,9
credits,9
rcvd,9
fancy,9
balance,9
bluetooth,9
discount,9
terms,9
us,9
weeks,9
gr,9
game,9
best,9
comuk,9
charity,9
cr,9
del,9
flag,9
weekend,9
entitled,8
month,8
ip,8
inc,8
ending,8
sunshine,8
sony,8
sp,8
freephone,8
meet,8
cd,8
ppmx,8
answer,8
first,8
wx,8
sub,8
shopping,8
shop,8
euro,8
area,8
one,8
summer,8
store,8
norm,8
polys,8
user,8
lucky,8
digital,8
information,8
awaiting,8
babe,8
details,8
may,7
question,7
still,7
miss,7
try,7
etc,7
match,7
dvd,7
years,7
biz,7
start,7
horny,7
loyalty,7
uz,7
minute,7
access,7
maximize,7
cc,7
logo,7
tenerife,7
visit,7
unsub,7
within,7
spree,7
pound,7
matches,7
fantastic,7
tscs,7
bid,7
extra,7
give,7
xh,7
guess,7
log,7
onto,7
got,7
croydon,7
wb,7
plus,7
im,7
costa,7
sol,7
saturday,7
hours,6
link,6
subscription,6
replying,6
year,6
ls,6
flights,6
standard,6
inviting,6
frnd,6
goto,6
th,6
even,6
tncs,6
handset,6
questions,6
keep,6
calling,6
stoptxt,6
true,6
cal,6
entered,6
gb,6
mp,6
member,6
announcement,6
guys,6
vodafone,6
holder,6
pc,6
txtauction,6
book,6
zed,6
asap,6
gay,6
asked,6
sipix,6
ans,6
urawinner,6
luck,6
ready,6
fantasies,6
arrive,6
arcade,6
toclaim,6
stockport,6
sky,6
tariffs,6
night,6
cup,5
hey,5
ok,5
months,5
ldnw,5
click,5
pass,5
following,5
weekends,5
voda,5
quoting,5
locations,5
ec,5
must,5
local,5
luv,5
mtmsg,5
partner,5
singles,5
appli,5
themob,5
selection,5
sport,5
december,5
sonyericsson,5
eve,5
contacted,5
bcm,5
activate,5
immediately,5
polyphonic,5
login,5
cm,5
care,5
talk,5
friends,5
cds,5
hp,5
girls,5
videophones,5
videochat,5
wid,5
java,5
dload,5
noline,5
rentl,5
girl,5
revealed,5
invited,5
xchat,5
surprise,5
place,5
subs,5
cum,5
linerental,5
reach,5
eerie,5
rply,5
buy,5
computer,5
well,5
fone,5
official,5
inclusive,5
spook,5
fantasy,5
crazy,5
cancel,5
minutes,5
nat,5
fa,4
tkts,4
rcv,4
team,4
correct,4
review,4
trip,4
unredeemed,4
app,4
country,4
ansr,4
tyron,4
laid,4
largest,4
ll,4
nothing,4
netcollex,4
flirt,4
recd,4
card,4
ends,4
check,4
think,4
reference,4
close,4
post,4
loan,4
purpose,4
tenants,4
refused,4
tcs,4
cw,4
nyt,4
conditions,4
mtmsgrcvd,4
ring,4
paris,4
daily,4
sw,4
ss,4
hello,4
forwarded,4
break,4
skilgme,4
winawk,4
qxj,4
ae,4
cust,4
remove,4
ibiza,4
wp,4
vip,4
yrs,4
records,4
address,4
sale,4
cheap,4
money,4
away,4
getting,4
tcr,4
contract,4
registered,4
cant,4
wu,4
subscriber,4
bored,4
let,4
future,4
takes,4
wrc,4
rally,4
lucozade,4
jordan,4
delivered,4
txtin,4
jamster,4
original,4
harry,4
msgrcvdhg,4
textpod,4
pod,4
nite,4
hope,4
fl,4
brand,4
jhl,4
king,4
london,4
moby,4
action,4
going,4
bahamas,4
alert,4
exciting,4
prizes,4
done,4
freefone,4
starting,4
qp,4
yer,4
eng,4
starts,4
pix,4
ntwk,4
ref,4
wan,4
adult,4
hit,4
show,4
porn,4
fromm,4
bloomberg,4
picked,4
santa,4
six,3
red,3
cinema,3
suprman,3
matrix,3
starwars,3
pleased,3
advise,3
recent,3
hear,3
comes,3
simply,3
password,3
mix,3
verify,3
deliveri,3
download,3
dream,3
soon,3
followed,3
sam,3
networks,3
chart,3
genuine,3
percent,3
upgrade,3
newest,3
germany,3
via,3
mobilesdirect,3
competition,3
heart,3
tf,3
ave,3
vary,3
homeowners,3
previously,3
notice,3
ibhltd,3
mono,3
qu,3
web,3
ladies,3
kick,3
kept,3
results,3
tlp,3
work,3
textoperator,3
csbcm,3
callcost,3
subscribed,3
city,3
perwksub,3
ever,3
life,3
subpoly,3
ton,3
alfie,3
moon,3
children,3
song,3
nokias,3
profit,3
five,3
supply,3
till,3
vari,3
liverpool,3
male,3
polyph,3
fancies,3
people,3
receipt,3
yesterday,3
many,3
energy,3
celeb,3
pocketbabe,3
voicemail,3
choice,3
textcomp,3
wa,3
lions,3
saucy,3
photo,3
arsenal,3
alone,3
xxxxxxxxx,3
minmobsmorelkpobox,3
high,3
strong,3
ringtoneking,3
stay,3
title,3
titles,3
sorry,3
ordered,3
hard,3
biggest,3
tour,3
tickets,3
chosen,3
press,3
settings,3
costs,3
subscribe,3
xxxxxxx,3
abta,3
right,3
servic,3
provided,3
yo,3
downloads,3
members,3
skillgame,3
winaweek,3
ppermesssubscript,3
la,3
med,3
cross,3
also,3
heard,3
rude,3
halloween,3
town,3
amazing,3
lp,3
look,3
sept,3
uks,3
super,3
little,3
deliveredtomorrow,3
billed,3
truly,3
save,3
callback,3
xy,3
id,3
darling,2
receivea,2
kl,2
chances,2
csh,2
tsandcs,2
membership,2
jackpot,2
dbuk,2
lccltd,2
rw,2
xxxmobilemovieclub,2
goals,2
sptv,2
eurodisinc,2
trav,2
aco,2
dis,2
morefrmmob,2
shracomorsglsuplt,2
aj,2
collected,2
usher,2
britney,2
fml,2
gent,2
expir,2
algarve,2
tonight,2
hardcore,2
randy,2
arrange,2
bootydelious,2
unique,2
enough,2
august,2
horo,2
star,2
sign,2
quality,2
sim,2
blind,2
dates,2
babes,2
smart,2
pence,2
fixed,2
prepayment,2
valentines,2
lifetime,2
available,2
dx,2
pw,2
ch,2
txttowin,2
lover,2
names,2
joined,2
mobno,2
adam,2
yahoo,2
txtno,2
ads,2
july,2
dave,2
cha,2
come,2
channel,2
claims,2
lines,2
ag,2
promo,2
textbuddy,2
search,2
postcode,2
gaytextbuddy,2
expressoffer,2
rstm,2
premium,2
cool,2
sue,2
old,2
mobilesvary,2
email,2
listen,2
ctxt,2
helpline,2
around,2
premier,2
nights,2
yf,2
community,2
cashto,2
getstop,2
php,2
rg,2
discreet,2
smsco,2
xxxxxx,2
drop,2
travel,2
fixedline,2
played,2
mid,2
stopsms,2
reminder,2
cheaper,2
peak,2
normal,2
lux,2
company,2
filthy,2
somebody,2
secretly,2
datebox,2
essexcm,2
xn,2
hb,2
chatting,2
kickoff,2
informed,2
eastenders,2
flower,2
dot,2
compare,2
violet,2
tulip,2
lily,2
wkent,2
lots,2
bp,2
warranty,2
speedchat,2
wish,2
forget,2
fil,2
oz,2
le,2
packs,2
itcould,2
nok,2
ph,2
hungry,2
feeling,2
minmoremobsemspobox,2
logos,2
lionm,2
lionp,2
potter,2
phoenix,2
among,2
readers,2
george,2
bears,2
upload,2
lf,2
claire,2
costing,2
msgrcvd,2
lucy,2
hubby,2
fri,2
hotel,2
leave,2
jsco,2
sing,2
shortly,2
british,2
hotels,2
dracula,2
ghost,2
addamsfa,2
munsters,2
exorcist,2
twilight,2
bill,2
cam,2
hlp,2
movietrivia,2
wiv,2
married,2
received,2
connect,2
vu,2
wow,2
boys,2
callfreefone,2
cruise,2
ibh,2
space,2
invaders,2
orig,2
console,2
purchas,2
big,2
mr,2
foley,2
eye,2
straight,2
wet,2
ga,2
upto,2
tooth,2
tells,2
personal,2
prompts,2
careful,2
enjoyed,2
aom,2
er,2
gender,2
men,2
hols,2
stamped,2
self,2
envelope,2
drinks,2
bray,2
wicklow,2
eire,2
idew,2
satisfy,2
home,2
term,2
gettin,2
shagged,2
lost,2
oranges,2
upd,2
mailbox,2
messaging,2
retrieve,2
pub,2
street,2
duchess,2
cornwall,2
football,2
gamestar,2
active,2
scoring,2
register,2
baby,2
slo,2
acl,2
brought,2
picsfree,2
follow,2
instructions,2
knock,2
include,2
sports,2
str,2
fastest,2
growing,2
luxury,2
canary,2
islands,2
burger,2
interflora,2
everyone,2
since,2
warm,2
frog,2
mad,2
reality,2
yet,2
driving,2
pt,2
improved,2
lonely,2
visionsms,2
lotr,2
removal,2
lookatme,2
tg,2
missed,2
charges,2
movie,2
films,2
center,2
wait,2
careers,2
greet,2
westlife,2
unbreakable,2
untamed,2
unkempt,2
bank,2
granite,2
issues,2
explosive,2
pick,2
nasdaq,2
symbol,2
cdgt,2
sat,2
believe,2
incredible,2
learn,2
things,2
blow,2
mind,2
fwd,2
tonights,2
recently,2
unable,2
schedule,2
class,2
using,2
mila,2
blonde,2
mtalk,2
pp,2
increments,2
funk,2
iscoming,2
tnc,2
blu,2
tms,2
widelive,2
index,2
wml,2
wave,2
asp,2
housewives,2
landlines,2
receiving,2
wks,2
film,2
current,2
spanish,2
indicate,2
accident,2
natalja,2
sending,2
polyh,2
another,2
polo,2
explicit,2
secs,2
man,2
mnths,2
mnth,2
txtstop,2
randomly,2
loyal,2
customers,2
cashbin,2
support,2
ones,2
warner,2
village,2
kiosk,2
goal,2
henry,2
added,2
dining,2
donate,2
goldviking,2
natalie,2
wallpaper,2
due,2
garden,2
bulbs,2
seeds,2
scotsman,2
notxt,2
maybe,2
spider,2
tb,1
chgs,1
qjkgighjjgcbl,1
macedonia,1
wales,1
scotland,1
poboxox,1
confirm,1
charg,1
rodger,1
burns,1
jersey,1
devils,1
detroit,1
wings,1
ice,1
hockey,1
incorrect,1
divorce,1
barbie,1
ken,1
stuff,1
wr,1
gravel,1
nt,1
svc,1
haven,1
replied,1
female,1
annoncement,1
bangbabes,1
way,1
bangb,1
internet,1
menu,1
areyouunique,1
career,1
flyng,1
aries,1
thirtyeight,1
really,1
naked,1
changed,1
mk,1
wt,1
pay,1
thfeb,1
rodds,1
aberdeen,1
united,1
kingdom,1
img,1
icmb,1
cktz,1
hide,1
gossip,1
fit,1
funky,1
winnersclub,1
shag,1
interested,1
sextextuk,1
xxuk,1
suzy,1
website,1
rp,1
regalportfolio,1
upgrdcentre,1
avail,1
okmail,1
moan,1
boltblue,1
slide,1
yeah,1
slow,1
jamz,1
toxic,1
topped,1
bubbletext,1
renewal,1
pin,1
tgxxrz,1
recieve,1
teletext,1
pg,1
applausestore,1
monthlysubscription,1
csc,1
textand,1
xclusive,1
clubsaisai,1
morow,1
soiree,1
speciale,1
zouk,1
nichols,1
roses,1
removed,1
sun,1
posts,1
seem,1
lapdancer,1
bedroom,1
da,1
ppmsg,1
gage,1
deck,1
cnupdates,1
newsletter,1
alerts,1
alertfrom,1
jeri,1
stewartsize,1
kbsubject,1
low,1
prescripiton,1
drvgsto,1
realize,1
thousands,1
running,1
tattoos,1
romantic,1
unclaimed,1
closingdate,1
claimcode,1
pmmorefrommobile,1
bremoved,1
mobypobox,1
thought,1
living,1
perfect,1
toppoly,1
tune,1
pole,1
thmarch,1
availa,1
jx,1
outbid,1
simonwatson,1
shinco,1
plyr,1
smsrewards,1
notifications,1
smsservices,1
yourinclusive,1
fall,1
worlds,1
virgin,1
mystery,1
approx,1
posh,1
birds,1
chaps,1
trial,1
prods,1
champneys,1
put,1
dob,1
ta,1
downloaded,1
already,1
paid,1
doit,1
mymoby,1
lastest,1
stereophonics,1
marley,1
dizzee,1
racal,1
libertines,1
strokes,1
nookii,1
bookmark,1
january,1
million,1
ppt,1
ji,1
matthew,1
touch,1
folks,1
stories,1
panasonic,1
bluetoothhdset,1
doublemins,1
doubletxt,1
flirting,1
bloke,1
zoe,1
flirtparty,1
replys,1
elvis,1
presleys,1
birthday,1
speed,1
em,1
swap,1
chatter,1
rcd,1
taking,1
survey,1
however,1
requests,1
stchoice,1
thank,1
notified,1
marketing,1
virgins,1
sexual,1
cute,1
door,1
exp,1
apr,1
completely,1
accommodation,1
various,1
global,1
phb,1
set,1
moro,1
jane,1
videosound,1
gold,1
videosounds,1
musicnews,1
sang,1
uptown,1
nick,1
tom,1
pete,1
dick,1
fact,1
types,1
dartboard,1
condition,1
doubles,1
trebles,1
optin,1
whats,1
bbc,1
summers,1
finally,1
matched,1
havin,1
borin,1
bought,1
offering,1
latests,1
llc,1
ny,1
usa,1
mt,1
meetins,1
cumin,1
credited,1
leadership,1
skills,1
psychic,1
vote,1
along,1
stars,1
karaoke,1
install,1
browse,1
artists,1
ow,1
olympics,1
rt,1
pro,1
redeemable,1
allow,1
companies,1
responsible,1
suppliers,1
feelin,1
kinda,1
lnly,1
jst,1
rgent,1
lookin,1
daytime,1
busty,1
woman,1
sort,1
janinexx,1
monthly,1
mobsi,1
four,1
digits,1
sufficient,1
pre,1
trackmarque,1
vipclub,1
mandy,1
sullivan,1
hotmix,1
fm,1
easter,1
telephone,1
transferred,1
else,1
conacted,1
brother,1
cro,1
hottest,1
wanting,1
hack,1
backdoor,1
rooms,1
fraction,1
neo,1
dps,1
mth,1
wv,1
nearly,1
banned,1
extreme,1
dirty,1
office,1
total,1
privacy,1
knows,1
sic,1
listening,1
fones,1
wild,1
ill,1
hurry,1
rpl,1
cnl,1
vpod,1
minded,1
evening,1
minapn,1
bb,1
fifa,1
world,1
held,1
open,1
cast,1
ages,1
wither,1
txtx,1
marsms,1
utele,1
buffy,1
qlynnbv,1
bundle,1
deals,1
avble,1
mf,1
ya,1
goten,1
bout,1
scammers,1
though,1
regular,1
respond,1
prem,1
nos,1
used,1
beware,1
morro,1
passion,1
dena,1
splashmobile,1
subscrition,1
enjoi,1
stoptx,1
arrow,1
tddnewsletter,1
emc,1
thedailydraw,1
helen,1
dozens,1
prizeswith,1
hv,1
restrictions,1
buddys,1
sir,1
expired,1
monoc,1
monos,1
polyc,1
stream,1
draws,1
becausethey,1
nasty,1
thing,1
filthyguys,1
bitch,1
gotto,1
created,1
page,1
asjesus,1
read,1
wrote,1
opinions,1
trivia,1
sppok,1
complementary,1
px,1
sender,1
hol,1
hvae,1
mini,1
snap,1
quizclub,1
rwm,1
gmw,1
connected,1
vid,1
keyword,1
ten,1
tarot,1
horniest,1
whose,1
tkls,1
stoptxtstop,1
park,1
response,1
mcfly,1
ab,1
sara,1
jorge,1
shock,1
smith,1
switch,1
messag,1
fans,1
europe,1
ba,1
nnfwfly,1
aq,1
james,1
eh,1
rr,1
women,1
instantly,1
bcmsfwc,1
footy,1
stadium,1
large,1
coca,1
cola,1
walk,1
winn,1
child,1
afraid,1
dark,1
become,1
teenager,1
wants,1
bin,1
instant,1
wins,1
fav,1
mobs,1
breathe,1
crazyin,1
sleepingwith,1
finest,1
ymca,1
late,1
flowers,1
christmas,1
midnight,1
romcapspam,1
responding,1
presence,1
outgoing,1
bringing,1
breath,1
sound,1
sounds,1
short,1
stopbcm,1
sf,1
pdate,1
yhl,1
package,1
resubmit,1
request,1
expiry,1
anyone,1
slower,1
idiot,1
faster,1
maniac,1
qf,1
professional,1
tiger,1
woods,1
chrgd,1
exit,1
fre,1
unsubscribed,1
tons,1
hunks,1
gotbabes,1
subscriptions,1
abroad,1
xxsp,1
stopcost,1
agent,1
loads,1
goodies,1
mat,1
lord,1
rings,1
return,1
june,1
soundtrack,1
stdtxtrate,1
feb,1
classic,1
purchase,1
clip,1
better,1
mmsto,1
vat,1
hava,1
rct,1
thnq,1
adrian,1
rgds,1
vatian,1
needs,1
lose,1
mistake,1
shortcode,1
refunded,1
landlin,1
never,1
much,1
came,1
made,1
sm,1
deltomorrow,1
begin,1
smartcall,1
subscriptn,1
landlineon,1
orno,1
fink,1
met,1
promised,1
carlie,1
minmobsmore,1
lkpobox,1
wedding,1
lingerie,1
bridal,1
petticoatdreams,1
superb,1
weddingfriend,1
knickers,1
beg,1
nikiyu,1
dorothy,1
kiefer,1
ppmpobox,1
bhamb,1
xe,1
thurs,1
selling,1
fast,1
rock,1
chik,1
filth,1
saristar,1
yt,1
wire,1
mobcudb,1
mor,1
banneduk,1
round,1
highest,1
maximum,1
bids,1
valentine,1
flight,1
rtf,1
sphosting,1
willing,1
strt,1
ltdhelpdesk,1
html,1
mfl,1
wamma,1
doggin,1
dogs,1
promotion,1
txtstar,1
uve,1
wildest,1
airport,1
lounge,1
passes,1
booking,1
quote,1
mobstorequiz,1
twinks,1
scallies,1
skins,1
jocks,1
concert,1
november,1
single,1
cncl,1
stopcs,1
ecef,1
ff,1
jul,1
oh,1
god,1
found,1
glad,1
xafter,1
cst,1
chg,1
picture,1
alto,1
hf,1
xxxxx,1
pushbutton,1
dontcha,1
babygoodbye,1
golddigger,1
webeburnin,1
gnarls,1
barkleys,1
totally,1
secured,1
unsecured,1
thur,1
triple,1
echo,1
dial,1
accessible,1
ldns,1
tbs,1
persolvo,1
chasing,1
definitely,1
paying,1
ignore,1
kath,1
manchester,1
loans,1
bad,1
noworriesloans,1
season,1
villa,1
brings,1
heroes,1
tips,1
gsoh,1
spam,1
gigolo,1
mens,1
oncall,1
mjzgroup,1
ukp,1
spjanuary,1
simpsons,1
released,1
band,1
died,1
green,1
blue,1
amanda,1
regard,1
renewing,1
upgrading,1
tel,1
subject,1
wtlp,1
ez,1
cmon,1
turn,1
sticky,1
replies,1
prizeawaiting,1
called,1
left,1
colours,1
gprs,1
accordingly,1
repeat,1
block,1
breaker,1
deluxe,1
format,1
features,1
graphics,1
bbdeluxe,1
challeng,1
kit,1
strip,1
ig,1
oja,1
thesmszone,1
lets,1
anonymous,1
masked,1
potential,1
abuse,1
shy,1
complete,1
landmark,1
bob,1
barry,1
ben,1
tonexs,1
renewed,1
clubzed,1
billing,1
busi,1
recpt,1
processed,1
subscribers,1
headset,1
adp,1
floppy,1
snappy,1
happy,1
giving,1
mgs,1
proze,1
norcorp,1
items,1
cfca,1
wining,1
wot,1
cock,1
wife,1
strings,1
rec,1
ea,1
otbox,1
ws,1
sexiest,1
dirtiest,1
utxt,1
laugh,1
chit,1
logon,1
zf,1
ppmmobilesvary,1
record,1
recorder,1
canname,1
capital,1
australia,1
mquiz,1
ripped,1
clubmoby,1
chloe,1
smashed,1
missing,1
rayman,1
golf,1
activ,1
key,1
termsappli,1
axel,1
akon,1
black,1
eyed,1
continued,1
president,1
santacalling,1
videos,1
shsex,1
netun,1
fgkslpopw,1
fgkslpo,1
skip,1
customercare,1
lyricalladie,1
hmmross,1
ou,1
sn,1
nr,1
zs,1
colin,1
farrell,1
swat,1
wkend,1
popcorn,1
ticket,1
mre,1
scores,1
simple,1
shot,1
yards,1
bergkamp,1
margin,1
sexychat,1
amy,1
couple,1
parties,1
select,1
benefits,1
trained,1
advisors,1
dialling,1
meal,1
experiencehttp,1
vouch,1
etlp,1
unicef,1
asian,1
tsunami,1
disaster,1
fund,1
texting,1
bil,1
phony,1
xxxx,1
freeentry,1
xt,1
meg,1
deepest,1
darkest,1
accommodationvouchers,1
mustprovide,1
perweeksub,1
pink,1
panther,1
sugababes,1
zebra,1
animation,1
badass,1
hoody,1
resent,1
previous,1
failed,1
error,1
queries,1
customersqueries,1
netvision,1
vco,1
ree,1
compensation,1
telediscount,1
someonone,1
busy,1
follows,1
subsequent,1
erotic,1
ecstacy,1
dept,1
two,1
started,1
radio,1
connection,1
coincidence,1
leading,1
pause,1
psp,1
legitimat,1
efreefone,1
wat,1
police,1
station,1
toilet,1
stolen,1
cops,1
sparkling,1
breaks,1
person,1
shortbreaks,1
org,1
gamb,1
ad,1
planettalkinstant,1
marvel,1
ultimate,1
ball,1
wallpap,1
gsex,1
chatlines,1
inclu,1
india,1
servs,1
sed,1
mega,1
giv,1
shit,1
bailiff,1
house,1
postcod,1
